{"cameraMode":{"drawMode":0,"name":"Shaded","section":"Shading Mode"},"sceneLighting":true,"audioPlay":false,"sceneViewState":{"showFog":true,"showMaterialUpdate":false,"showSkybox":true,"showFlares":true,"showImageEffects":true,"showParticleSystems":true},"in2DMode":false,"pivot":{"x":0.0,"y":2.7636358737945558,"z":-4.012444972991943},"rotation":{"x":-0.28811800479888918,"y":0.01732868328690529,"z":-0.005214962642639875,"w":-0.957423985004425},"size":0.46683958172798159,"orthographic":false}